test1@gmail.com,test1
test2@gmail.com,test2
test3@gmail.com,test3
test4@gmail.com,test4
test5@gmail.com,test5
test6@gmail.com,test6
test7@gmail.com,test7
test8@gmail.com,test8
test9@gmail.com,test9
test10@gmail.com,test10
test11@gmail.com,test11
test12@gmail.com,test12
test13@gmail.com,test13
test14@gmail.com,test14
test15@gmail.com,test15
test16@gmail.com,test16
test17@gmail.com,test17
test18@gmail.com,test18
test19@gmail.com,test19
test20@gmail.com,test20
test21@gmail.com,test21
test22@gmail.com,test22
test23@gmail.com,test23
test24@gmail.com,test24
test25@gmail.com,test25
test26@gmail.com,test26
test27@gmail.com,test27
test28@gmail.com,test28
test29@gmail.com,test29
test30@gmail.com,test30
test31@gmail.com,test31
test32@gmail.com,test32
test33@gmail.com,test33
test34@gmail.com,test34
test35@gmail.com,test35
test36@gmail.com,test36
test37@gmail.com,test37
test38@gmail.com,test38
test39@gmail.com,test39
test40@gmail.com,test40
test41@gmail.com,test41
test42@gmail.com,test42
test43@gmail.com,test43
test44@gmail.com,test44
test45@gmail.com,test45
test46@gmail.com,test46
test47@gmail.com,test47
test48@gmail.com,test48
test49@gmail.com,test49
test50@gmail.com,test50
test51@gmail.com,test51
test52@gmail.com,test52
test53@gmail.com,test53
test54@gmail.com,test54
test55@gmail.com,test55
test56@gmail.com,test56
test57@gmail.com,test57
test58@gmail.com,test58
test59@gmail.com,test59
test60@gmail.com,test60
test61@gmail.com,test61
test62@gmail.com,test62
test63@gmail.com,test63
test64@gmail.com,test64
test65@gmail.com,test65
test66@gmail.com,test66
test67@gmail.com,test67
test68@gmail.com,test68
test69@gmail.com,test69
test70@gmail.com,test70
test71@gmail.com,test71
test72@gmail.com,test72
test73@gmail.com,test73
test74@gmail.com,test74
test75@gmail.com,test75
test76@gmail.com,test76
test77@gmail.com,test77
test78@gmail.com,test78
test79@gmail.com,test79
test80@gmail.com,test80
test81@gmail.com,test81
test82@gmail.com,test82
test83@gmail.com,test83
test84@gmail.com,test84
test85@gmail.com,test85
test86@gmail.com,test86
test87@gmail.com,test87
test88@gmail.com,test88
test89@gmail.com,test89
test90@gmail.com,test90
test91@gmail.com,test91
test92@gmail.com,test92
test93@gmail.com,test93
test94@gmail.com,test94
test95@gmail.com,test95
test96@gmail.com,test96
test97@gmail.com,test97
test98@gmail.com,test98
test99@gmail.com,test99
test100@gmail.com,test100
test101@gmail.com,test101
test102@gmail.com,test102
test103@gmail.com,test103
test104@gmail.com,test104
test105@gmail.com,test105
test106@gmail.com,test106
test107@gmail.com,test107
test108@gmail.com,test108
test109@gmail.com,test109
test110@gmail.com,test110
test111@gmail.com,test111
test112@gmail.com,test112
test113@gmail.com,test113
test114@gmail.com,test114
test115@gmail.com,test115
test116@gmail.com,test116
test117@gmail.com,test117
test118@gmail.com,test118
test119@gmail.com,test119
test120@gmail.com,test120
test121@gmail.com,test121
test122@gmail.com,test122
test123@gmail.com,test123
test124@gmail.com,test124
test125@gmail.com,test125
test126@gmail.com,test126
test127@gmail.com,test127
test128@gmail.com,test128
test129@gmail.com,test129
test130@gmail.com,test130
test131@gmail.com,test131
test132@gmail.com,test132
test133@gmail.com,test133
test134@gmail.com,test134
test135@gmail.com,test135
test136@gmail.com,test136
test137@gmail.com,test137
test138@gmail.com,test138
test139@gmail.com,test139
test140@gmail.com,test140
test141@gmail.com,test141
test142@gmail.com,test142
test143@gmail.com,test143
test144@gmail.com,test144
test145@gmail.com,test145
test146@gmail.com,test146
test147@gmail.com,test147
test148@gmail.com,test148
test149@gmail.com,test149
test150@gmail.com,test150
test151@gmail.com,test151
test152@gmail.com,test152
test153@gmail.com,test153
test154@gmail.com,test154
test155@gmail.com,test155
test156@gmail.com,test156
test157@gmail.com,test157
test158@gmail.com,test158
test159@gmail.com,test159
test160@gmail.com,test160
test161@gmail.com,test161
test162@gmail.com,test162
test163@gmail.com,test163
test164@gmail.com,test164
test165@gmail.com,test165
test166@gmail.com,test166
test167@gmail.com,test167
test168@gmail.com,test168
test169@gmail.com,test169
test170@gmail.com,test170
test171@gmail.com,test171
test172@gmail.com,test172
test173@gmail.com,test173
test174@gmail.com,test174
test175@gmail.com,test175
test176@gmail.com,test176
test177@gmail.com,test177
test178@gmail.com,test178
test179@gmail.com,test179
test180@gmail.com,test180
test181@gmail.com,test181
test182@gmail.com,test182
test183@gmail.com,test183
test184@gmail.com,test184
test185@gmail.com,test185
test186@gmail.com,test186
test187@gmail.com,test187
test188@gmail.com,test188
test189@gmail.com,test189
test190@gmail.com,test190
test191@gmail.com,test191
test192@gmail.com,test192
test193@gmail.com,test193
test194@gmail.com,test194
test195@gmail.com,test195
test196@gmail.com,test196
test197@gmail.com,test197
test198@gmail.com,test198
test199@gmail.com,test199
test200@gmail.com,test200
test201@gmail.com,test201
test202@gmail.com,test202
test203@gmail.com,test203
test204@gmail.com,test204
test205@gmail.com,test205
test206@gmail.com,test206
test207@gmail.com,test207
test208@gmail.com,test208
test209@gmail.com,test209
test210@gmail.com,test210
test211@gmail.com,test211
test212@gmail.com,test212
test213@gmail.com,test213
test214@gmail.com,test214
test215@gmail.com,test215
test216@gmail.com,test216
test217@gmail.com,test217
test218@gmail.com,test218
test219@gmail.com,test219
test220@gmail.com,test220
test221@gmail.com,test221
test222@gmail.com,test222
test223@gmail.com,test223
test224@gmail.com,test224
test225@gmail.com,test225
test226@gmail.com,test226
test227@gmail.com,test227
test228@gmail.com,test228
test229@gmail.com,test229
test230@gmail.com,test230
test231@gmail.com,test231
test232@gmail.com,test232
test233@gmail.com,test233
test234@gmail.com,test234
test235@gmail.com,test235
test236@gmail.com,test236
test237@gmail.com,test237
test238@gmail.com,test238
test239@gmail.com,test239
test240@gmail.com,test240
test241@gmail.com,test241
test242@gmail.com,test242
test243@gmail.com,test243
test244@gmail.com,test244
test245@gmail.com,test245
test246@gmail.com,test246
test247@gmail.com,test247
test248@gmail.com,test248
test249@gmail.com,test249
test250@gmail.com,test250
test251@gmail.com,test251
test252@gmail.com,test252
test253@gmail.com,test253
test254@gmail.com,test254
test255@gmail.com,test255
test256@gmail.com,test256
test257@gmail.com,test257
test258@gmail.com,test258
test259@gmail.com,test259
test260@gmail.com,test260
test261@gmail.com,test261
test262@gmail.com,test262
test263@gmail.com,test263
test264@gmail.com,test264
test265@gmail.com,test265
test266@gmail.com,test266
test267@gmail.com,test267
test268@gmail.com,test268
test269@gmail.com,test269
test270@gmail.com,test270
test271@gmail.com,test271
test272@gmail.com,test272
test273@gmail.com,test273
test274@gmail.com,test274
test275@gmail.com,test275
test276@gmail.com,test276
test277@gmail.com,test277
test278@gmail.com,test278
test279@gmail.com,test279
test280@gmail.com,test280
test281@gmail.com,test281
test282@gmail.com,test282
test283@gmail.com,test283
test284@gmail.com,test284
test285@gmail.com,test285
test286@gmail.com,test286
test287@gmail.com,test287
test288@gmail.com,test288
test289@gmail.com,test289
test290@gmail.com,test290
test291@gmail.com,test291
test292@gmail.com,test292
test293@gmail.com,test293
test294@gmail.com,test294
test295@gmail.com,test295
test296@gmail.com,test296
test297@gmail.com,test297
test298@gmail.com,test298
test299@gmail.com,test299
test300@gmail.com,test300
test301@gmail.com,test301
test302@gmail.com,test302
test303@gmail.com,test303
test304@gmail.com,test304
test305@gmail.com,test305
test306@gmail.com,test306
test307@gmail.com,test307
test308@gmail.com,test308
test309@gmail.com,test309
test310@gmail.com,test310
test311@gmail.com,test311
test312@gmail.com,test312
test313@gmail.com,test313
test314@gmail.com,test314
test315@gmail.com,test315
test316@gmail.com,test316
test317@gmail.com,test317
test318@gmail.com,test318
test319@gmail.com,test319
test320@gmail.com,test320
test321@gmail.com,test321
test322@gmail.com,test322
test323@gmail.com,test323
test324@gmail.com,test324
test325@gmail.com,test325
test326@gmail.com,test326
test327@gmail.com,test327
test328@gmail.com,test328
test329@gmail.com,test329
test330@gmail.com,test330
test331@gmail.com,test331
test332@gmail.com,test332
test333@gmail.com,test333
test334@gmail.com,test334
test335@gmail.com,test335
test336@gmail.com,test336
test337@gmail.com,test337
test338@gmail.com,test338
test339@gmail.com,test339
test340@gmail.com,test340
test341@gmail.com,test341
test342@gmail.com,test342
test343@gmail.com,test343
test344@gmail.com,test344
test345@gmail.com,test345
test346@gmail.com,test346
test347@gmail.com,test347
test348@gmail.com,test348
test349@gmail.com,test349
test350@gmail.com,test350
test351@gmail.com,test351
test352@gmail.com,test352
test353@gmail.com,test353
test354@gmail.com,test354
test355@gmail.com,test355
test356@gmail.com,test356
test357@gmail.com,test357
test358@gmail.com,test358
test359@gmail.com,test359
test360@gmail.com,test360
test361@gmail.com,test361
test362@gmail.com,test362
test363@gmail.com,test363
test364@gmail.com,test364
test365@gmail.com,test365
test366@gmail.com,test366
test367@gmail.com,test367
test368@gmail.com,test368
test369@gmail.com,test369
test370@gmail.com,test370
test371@gmail.com,test371
test372@gmail.com,test372
test373@gmail.com,test373
test374@gmail.com,test374
test375@gmail.com,test375
test376@gmail.com,test376
test377@gmail.com,test377
test378@gmail.com,test378
test379@gmail.com,test379
test380@gmail.com,test380
test381@gmail.com,test381
test382@gmail.com,test382
test383@gmail.com,test383
test384@gmail.com,test384
test385@gmail.com,test385
test386@gmail.com,test386
test387@gmail.com,test387
test388@gmail.com,test388
test389@gmail.com,test389
test390@gmail.com,test390
test391@gmail.com,test391
test392@gmail.com,test392
test393@gmail.com,test393
test394@gmail.com,test394
test395@gmail.com,test395
test396@gmail.com,test396
test397@gmail.com,test397
test398@gmail.com,test398
test399@gmail.com,test399
test400@gmail.com,test400
test401@gmail.com,test401
test402@gmail.com,test402
test403@gmail.com,test403
test404@gmail.com,test404
test405@gmail.com,test405
test406@gmail.com,test406
test407@gmail.com,test407
test408@gmail.com,test408
test409@gmail.com,test409
test410@gmail.com,test410
test411@gmail.com,test411
test412@gmail.com,test412
test413@gmail.com,test413
test414@gmail.com,test414
test415@gmail.com,test415
test416@gmail.com,test416
test417@gmail.com,test417
test418@gmail.com,test418
test419@gmail.com,test419
test420@gmail.com,test420
test421@gmail.com,test421
test422@gmail.com,test422
test423@gmail.com,test423
test424@gmail.com,test424
test425@gmail.com,test425
test426@gmail.com,test426
test427@gmail.com,test427
test428@gmail.com,test428
test429@gmail.com,test429
test430@gmail.com,test430
test431@gmail.com,test431
test432@gmail.com,test432
test433@gmail.com,test433
test434@gmail.com,test434
test435@gmail.com,test435
test436@gmail.com,test436
test437@gmail.com,test437
test438@gmail.com,test438
test439@gmail.com,test439
test440@gmail.com,test440
test441@gmail.com,test441
test442@gmail.com,test442
test443@gmail.com,test443
test444@gmail.com,test444
test445@gmail.com,test445
test446@gmail.com,test446
test447@gmail.com,test447
test448@gmail.com,test448
test449@gmail.com,test449
test450@gmail.com,test450
test451@gmail.com,test451
test452@gmail.com,test452
test453@gmail.com,test453
test454@gmail.com,test454
test455@gmail.com,test455
test456@gmail.com,test456
test457@gmail.com,test457
test458@gmail.com,test458
test459@gmail.com,test459
test460@gmail.com,test460
test461@gmail.com,test461
test462@gmail.com,test462
test463@gmail.com,test463
test464@gmail.com,test464
test465@gmail.com,test465
test466@gmail.com,test466
test467@gmail.com,test467
test468@gmail.com,test468
test469@gmail.com,test469
test470@gmail.com,test470
test471@gmail.com,test471
test472@gmail.com,test472
test473@gmail.com,test473
test474@gmail.com,test474
test475@gmail.com,test475
test476@gmail.com,test476
test477@gmail.com,test477
test478@gmail.com,test478
test479@gmail.com,test479
test480@gmail.com,test480
test481@gmail.com,test481
test482@gmail.com,test482
test483@gmail.com,test483
test484@gmail.com,test484
test485@gmail.com,test485
test486@gmail.com,test486
test487@gmail.com,test487
test488@gmail.com,test488
test489@gmail.com,test489
test490@gmail.com,test490
test491@gmail.com,test491
test492@gmail.com,test492
test493@gmail.com,test493
test494@gmail.com,test494
test495@gmail.com,test495
test496@gmail.com,test496
test497@gmail.com,test497
test498@gmail.com,test498
test499@gmail.com,test499
test500@gmail.com,test500
test501@gmail.com,test501
test502@gmail.com,test502
test503@gmail.com,test503
test504@gmail.com,test504
test505@gmail.com,test505
test506@gmail.com,test506
test507@gmail.com,test507
test508@gmail.com,test508
test509@gmail.com,test509
test510@gmail.com,test510
test511@gmail.com,test511
test512@gmail.com,test512
test513@gmail.com,test513
test514@gmail.com,test514
test515@gmail.com,test515
test516@gmail.com,test516
test517@gmail.com,test517
test518@gmail.com,test518
test519@gmail.com,test519
test520@gmail.com,test520
test521@gmail.com,test521
test522@gmail.com,test522
test523@gmail.com,test523
test524@gmail.com,test524
test525@gmail.com,test525
test526@gmail.com,test526
test527@gmail.com,test527
test528@gmail.com,test528
test529@gmail.com,test529
test530@gmail.com,test530
test531@gmail.com,test531
test532@gmail.com,test532
test533@gmail.com,test533
test534@gmail.com,test534
test535@gmail.com,test535
test536@gmail.com,test536
test537@gmail.com,test537
test538@gmail.com,test538
test539@gmail.com,test539
test540@gmail.com,test540
test541@gmail.com,test541
test542@gmail.com,test542
test543@gmail.com,test543
test544@gmail.com,test544
test545@gmail.com,test545
test546@gmail.com,test546
test547@gmail.com,test547
test548@gmail.com,test548
test549@gmail.com,test549
test550@gmail.com,test550
test551@gmail.com,test551
test552@gmail.com,test552
test553@gmail.com,test553
test554@gmail.com,test554
test555@gmail.com,test555
test556@gmail.com,test556
test557@gmail.com,test557
test558@gmail.com,test558
test559@gmail.com,test559
test560@gmail.com,test560
test561@gmail.com,test561
test562@gmail.com,test562
test563@gmail.com,test563
test564@gmail.com,test564
test565@gmail.com,test565
test566@gmail.com,test566
test567@gmail.com,test567
test568@gmail.com,test568
test569@gmail.com,test569
test570@gmail.com,test570
test571@gmail.com,test571
test572@gmail.com,test572
test573@gmail.com,test573
test574@gmail.com,test574
test575@gmail.com,test575
test576@gmail.com,test576
test577@gmail.com,test577
test578@gmail.com,test578
test579@gmail.com,test579
test580@gmail.com,test580
test581@gmail.com,test581
test582@gmail.com,test582
test583@gmail.com,test583
test584@gmail.com,test584
test585@gmail.com,test585
test586@gmail.com,test586
test587@gmail.com,test587
test588@gmail.com,test588
test589@gmail.com,test589
test590@gmail.com,test590
test591@gmail.com,test591
test592@gmail.com,test592
test593@gmail.com,test593
test594@gmail.com,test594
test595@gmail.com,test595
test596@gmail.com,test596
test597@gmail.com,test597
test598@gmail.com,test598
test599@gmail.com,test599
test600@gmail.com,test600
test601@gmail.com,test601
test602@gmail.com,test602
test603@gmail.com,test603
test604@gmail.com,test604
test605@gmail.com,test605
test606@gmail.com,test606
test607@gmail.com,test607
test608@gmail.com,test608
test609@gmail.com,test609
test610@gmail.com,test610
test611@gmail.com,test611
test612@gmail.com,test612
test613@gmail.com,test613
test614@gmail.com,test614
test615@gmail.com,test615
test616@gmail.com,test616
test617@gmail.com,test617
test618@gmail.com,test618
test619@gmail.com,test619
test620@gmail.com,test620
test621@gmail.com,test621
test622@gmail.com,test622
test623@gmail.com,test623
test624@gmail.com,test624
test625@gmail.com,test625
test626@gmail.com,test626
test627@gmail.com,test627
test628@gmail.com,test628
test629@gmail.com,test629
test630@gmail.com,test630
test631@gmail.com,test631
test632@gmail.com,test632
test633@gmail.com,test633
test634@gmail.com,test634
test635@gmail.com,test635
test636@gmail.com,test636
test637@gmail.com,test637
test638@gmail.com,test638
test639@gmail.com,test639
test640@gmail.com,test640
test641@gmail.com,test641
test642@gmail.com,test642
test643@gmail.com,test643
test644@gmail.com,test644
test645@gmail.com,test645
test646@gmail.com,test646
test647@gmail.com,test647
test648@gmail.com,test648
test649@gmail.com,test649
test650@gmail.com,test650
test651@gmail.com,test651
test652@gmail.com,test652
test653@gmail.com,test653
test654@gmail.com,test654
test655@gmail.com,test655
test656@gmail.com,test656
test657@gmail.com,test657
test658@gmail.com,test658
test659@gmail.com,test659
test660@gmail.com,test660
test661@gmail.com,test661
test662@gmail.com,test662
test663@gmail.com,test663
test664@gmail.com,test664
test665@gmail.com,test665
test666@gmail.com,test666
test667@gmail.com,test667
test668@gmail.com,test668
test669@gmail.com,test669
test670@gmail.com,test670
test671@gmail.com,test671
test672@gmail.com,test672
test673@gmail.com,test673
test674@gmail.com,test674
test675@gmail.com,test675
test676@gmail.com,test676
test677@gmail.com,test677
test678@gmail.com,test678
test679@gmail.com,test679
test680@gmail.com,test680
test681@gmail.com,test681
test682@gmail.com,test682
test683@gmail.com,test683
test684@gmail.com,test684
test685@gmail.com,test685
test686@gmail.com,test686
test687@gmail.com,test687
test688@gmail.com,test688
test689@gmail.com,test689
test690@gmail.com,test690
test691@gmail.com,test691
test692@gmail.com,test692
test693@gmail.com,test693
test694@gmail.com,test694
test695@gmail.com,test695
test696@gmail.com,test696
test697@gmail.com,test697
test698@gmail.com,test698
test699@gmail.com,test699
test700@gmail.com,test700
test701@gmail.com,test701
test702@gmail.com,test702
test703@gmail.com,test703
test704@gmail.com,test704
test705@gmail.com,test705
test706@gmail.com,test706
test707@gmail.com,test707
test708@gmail.com,test708
test709@gmail.com,test709
test710@gmail.com,test710
test711@gmail.com,test711
test712@gmail.com,test712
test713@gmail.com,test713
test714@gmail.com,test714
test715@gmail.com,test715
test716@gmail.com,test716
test717@gmail.com,test717
test718@gmail.com,test718
test719@gmail.com,test719
test720@gmail.com,test720
test721@gmail.com,test721
test722@gmail.com,test722
test723@gmail.com,test723
test724@gmail.com,test724
test725@gmail.com,test725
test726@gmail.com,test726
test727@gmail.com,test727
test728@gmail.com,test728
test729@gmail.com,test729
test730@gmail.com,test730
test731@gmail.com,test731
test732@gmail.com,test732
test733@gmail.com,test733
test734@gmail.com,test734
test735@gmail.com,test735
test736@gmail.com,test736
test737@gmail.com,test737
test738@gmail.com,test738
test739@gmail.com,test739
test740@gmail.com,test740
test741@gmail.com,test741
test742@gmail.com,test742
test743@gmail.com,test743
test744@gmail.com,test744
test745@gmail.com,test745
test746@gmail.com,test746
test747@gmail.com,test747
test748@gmail.com,test748
test749@gmail.com,test749
test750@gmail.com,test750
test751@gmail.com,test751
test752@gmail.com,test752
test753@gmail.com,test753
test754@gmail.com,test754
test755@gmail.com,test755
test756@gmail.com,test756
test757@gmail.com,test757
test758@gmail.com,test758
test759@gmail.com,test759
test760@gmail.com,test760
test761@gmail.com,test761
test762@gmail.com,test762
test763@gmail.com,test763
test764@gmail.com,test764
test765@gmail.com,test765
test766@gmail.com,test766
test767@gmail.com,test767
test768@gmail.com,test768
test769@gmail.com,test769
test770@gmail.com,test770
test771@gmail.com,test771
test772@gmail.com,test772
test773@gmail.com,test773
test774@gmail.com,test774
test775@gmail.com,test775
test776@gmail.com,test776
test777@gmail.com,test777
test778@gmail.com,test778
test779@gmail.com,test779
test780@gmail.com,test780
test781@gmail.com,test781
test782@gmail.com,test782
test783@gmail.com,test783
test784@gmail.com,test784
test785@gmail.com,test785
test786@gmail.com,test786
test787@gmail.com,test787
test788@gmail.com,test788
test789@gmail.com,test789
test790@gmail.com,test790
test791@gmail.com,test791
test792@gmail.com,test792
test793@gmail.com,test793
test794@gmail.com,test794
test795@gmail.com,test795
test796@gmail.com,test796
test797@gmail.com,test797
test798@gmail.com,test798
test799@gmail.com,test799
test800@gmail.com,test800
test801@gmail.com,test801
test802@gmail.com,test802
test803@gmail.com,test803
test804@gmail.com,test804
test805@gmail.com,test805
test806@gmail.com,test806
test807@gmail.com,test807
test808@gmail.com,test808
test809@gmail.com,test809
test810@gmail.com,test810
test811@gmail.com,test811
test812@gmail.com,test812
test813@gmail.com,test813
test814@gmail.com,test814
test815@gmail.com,test815
test816@gmail.com,test816
test817@gmail.com,test817
test818@gmail.com,test818
test819@gmail.com,test819
test820@gmail.com,test820
test821@gmail.com,test821
test822@gmail.com,test822
test823@gmail.com,test823
test824@gmail.com,test824
test825@gmail.com,test825
test826@gmail.com,test826
test827@gmail.com,test827
test828@gmail.com,test828
test829@gmail.com,test829
test830@gmail.com,test830
test831@gmail.com,test831
test832@gmail.com,test832
test833@gmail.com,test833
test834@gmail.com,test834
test835@gmail.com,test835
test836@gmail.com,test836
test837@gmail.com,test837
test838@gmail.com,test838
test839@gmail.com,test839
test840@gmail.com,test840
test841@gmail.com,test841
test842@gmail.com,test842
test843@gmail.com,test843
test844@gmail.com,test844
test845@gmail.com,test845
test846@gmail.com,test846
test847@gmail.com,test847
test848@gmail.com,test848
test849@gmail.com,test849
test850@gmail.com,test850
test851@gmail.com,test851
test852@gmail.com,test852
test853@gmail.com,test853
test854@gmail.com,test854
test855@gmail.com,test855
test856@gmail.com,test856
test857@gmail.com,test857
test858@gmail.com,test858
test859@gmail.com,test859
test860@gmail.com,test860
test861@gmail.com,test861
test862@gmail.com,test862
test863@gmail.com,test863
test864@gmail.com,test864
test865@gmail.com,test865
test866@gmail.com,test866
test867@gmail.com,test867
test868@gmail.com,test868
test869@gmail.com,test869
test870@gmail.com,test870
test871@gmail.com,test871
test872@gmail.com,test872
test873@gmail.com,test873
test874@gmail.com,test874
test875@gmail.com,test875
test876@gmail.com,test876
test877@gmail.com,test877
test878@gmail.com,test878
test879@gmail.com,test879
test880@gmail.com,test880
test881@gmail.com,test881
test882@gmail.com,test882
test883@gmail.com,test883
test884@gmail.com,test884
test885@gmail.com,test885
test886@gmail.com,test886
test887@gmail.com,test887
test888@gmail.com,test888
test889@gmail.com,test889
test890@gmail.com,test890
test891@gmail.com,test891
test892@gmail.com,test892
test893@gmail.com,test893
test894@gmail.com,test894
test895@gmail.com,test895
test896@gmail.com,test896
test897@gmail.com,test897
test898@gmail.com,test898
test899@gmail.com,test899
test900@gmail.com,test900
test901@gmail.com,test901
test902@gmail.com,test902
test903@gmail.com,test903
test904@gmail.com,test904
test905@gmail.com,test905
test906@gmail.com,test906
test907@gmail.com,test907
test908@gmail.com,test908
test909@gmail.com,test909
test910@gmail.com,test910
test911@gmail.com,test911
test912@gmail.com,test912
test913@gmail.com,test913
test914@gmail.com,test914
test915@gmail.com,test915
test916@gmail.com,test916
test917@gmail.com,test917
test918@gmail.com,test918
test919@gmail.com,test919
test920@gmail.com,test920
test921@gmail.com,test921
test922@gmail.com,test922
test923@gmail.com,test923
test924@gmail.com,test924
test925@gmail.com,test925
test926@gmail.com,test926
test927@gmail.com,test927
test928@gmail.com,test928
test929@gmail.com,test929
test930@gmail.com,test930
test931@gmail.com,test931
test932@gmail.com,test932
test933@gmail.com,test933
test934@gmail.com,test934
test935@gmail.com,test935
test936@gmail.com,test936
test937@gmail.com,test937
test938@gmail.com,test938
test939@gmail.com,test939
test940@gmail.com,test940
test941@gmail.com,test941
test942@gmail.com,test942
test943@gmail.com,test943
test944@gmail.com,test944
test945@gmail.com,test945
test946@gmail.com,test946
test947@gmail.com,test947
test948@gmail.com,test948
test949@gmail.com,test949
test950@gmail.com,test950
test951@gmail.com,test951
test952@gmail.com,test952
test953@gmail.com,test953
test954@gmail.com,test954
test955@gmail.com,test955
test956@gmail.com,test956
test957@gmail.com,test957
test958@gmail.com,test958
test959@gmail.com,test959
test960@gmail.com,test960
test961@gmail.com,test961
test962@gmail.com,test962
test963@gmail.com,test963
test964@gmail.com,test964
test965@gmail.com,test965
test966@gmail.com,test966
test967@gmail.com,test967
test968@gmail.com,test968
test969@gmail.com,test969
test970@gmail.com,test970
test971@gmail.com,test971
test972@gmail.com,test972
test973@gmail.com,test973
test974@gmail.com,test974
test975@gmail.com,test975
test976@gmail.com,test976
test977@gmail.com,test977
test978@gmail.com,test978
test979@gmail.com,test979
test980@gmail.com,test980
test981@gmail.com,test981
test982@gmail.com,test982
test983@gmail.com,test983
test984@gmail.com,test984
test985@gmail.com,test985
test986@gmail.com,test986
test987@gmail.com,test987
test988@gmail.com,test988
test989@gmail.com,test989
test990@gmail.com,test990
test991@gmail.com,test991
test992@gmail.com,test992
test993@gmail.com,test993
test994@gmail.com,test994
test995@gmail.com,test995
test996@gmail.com,test996
test997@gmail.com,test997
test998@gmail.com,test998
test999@gmail.com,test999
test1000@gmail.com,test1000
